{
	"parent": "minecraft:block/fungus/generic_crimson",
	"ambientocclusion": false,
	"elements": [
		{
			"from": [7.25, 4, 7.25],
			"to": [8.75, 7.75, 8.75],
			"rotation": {"angle": 45, "axis": "y", "origin": [8.00003, 6.98066, 7.99996]},
			"faces": {
				"north": {"uv": [0, 2, 2, 7], "texture": "#stem"},
				"east": {"uv": [6, 2, 8, 7], "texture": "#stem"},
				"south": {"uv": [4, 2, 6, 7], "texture": "#stem"},
				"west": {"uv": [2, 2, 4, 7], "texture": "#stem"}
			}
		},
		{
			"from": [4.625, 10, 4.625],
			"to": [11.375, 10, 11.375],
			"rotation": {"angle": 45, "axis": "y", "origin": [8.00003, 6.98066, 7.99996]},
			"faces": {
				"up": {"uv": [0, 0, 9, 9], "texture": "#top"}
			}
		},
		{
			"from": [10.625, 8.5, 5.375],
			"to": [11.375, 10, 10.625],
			"rotation": {"angle": 45, "axis": "y", "origin": [8.00003, 6.98066, 7.99996]},
			"faces": {
				"east": {"uv": [1, 5, 8, 7], "texture": "#side"},
				"down": {"uv": [1, 7, 8, 8], "rotation": 90, "texture": "#side"}
			}
		},
		{
			"from": [4.625, 8.5, 5.375],
			"to": [5.375, 10, 10.625],
			"rotation": {"angle": 45, "axis": "y", "origin": [8.00003, 6.98066, 7.99996]},
			"faces": {
				"west": {"uv": [1, 13, 8, 15], "texture": "#side"},
				"down": {"uv": [1, 15, 8, 16], "rotation": 270, "texture": "#side"}
			}
		},
		{
			"from": [5.375, 8.5, 4.625],
			"to": [10.625, 10, 5.375],
			"rotation": {"angle": 45, "axis": "y", "origin": [8.00003, 6.98066, 7.99996]},
			"faces": {
				"north": {"uv": [1, 1, 8, 3], "texture": "#side"},
				"down": {"uv": [1, 3, 8, 4], "rotation": 180, "texture": "#side"}
			}
		},
		{
			"from": [5.375, 8.5, 10.625],
			"to": [10.625, 10, 11.375],
			"rotation": {"angle": 45, "axis": "y", "origin": [8.00003, 6.98066, 7.99996]},
			"faces": {
				"south": {"uv": [1, 9, 8, 11], "texture": "#side"},
				"down": {"uv": [1, 11, 8, 12], "texture": "#side"}
			}
		},
		{
			"from": [7.4697, 8.49625, 3.75737],
			"to": [8.53036, 10.00375, 4.50737],
			"rotation": {"angle": 0, "axis": "y", "origin": [8.00003, 6.98066, 7.99996]},
			"faces": {
				"north": {"uv": [0, 1, 1, 3], "texture": "#side"},
				"up": {"uv": [0, 0, 1, 1], "rotation": 180, "texture": "#side"},
				"down": {"uv": [0, 3, 1, 4], "rotation": 180, "texture": "#side"}
			}
		},
		{
			"from": [11.49268, 8.49625, 7.46969],
			"to": [12.24268, 10.00375, 8.53035],
			"rotation": {"angle": 0, "axis": "y", "origin": [8.00003, 6.98066, 7.99996]},
			"faces": {
				"east": {"uv": [0, 5, 1, 7], "texture": "#side"},
				"up": {"uv": [0, 4, 1, 5], "rotation": 270, "texture": "#side"},
				"down": {"uv": [0, 7, 1, 8], "rotation": 90, "texture": "#side"}
			}
		},
		{
			"from": [7.4697, 8.49625, 11.49265],
			"to": [8.53036, 10.00375, 12.24265],
			"rotation": {"angle": 0, "axis": "y", "origin": [8.00003, 6.98066, 7.99996]},
			"faces": {
				"south": {"uv": [0, 9, 1, 11], "texture": "#side"},
				"up": {"uv": [0, 8, 1, 9], "texture": "#side"},
				"down": {"uv": [0, 11, 1, 12], "texture": "#side"}
			}
		},
		{
			"from": [3.75739, 8.49625, 7.46969],
			"to": [4.50739, 10.00375, 8.53035],
			"rotation": {"angle": 0, "axis": "y", "origin": [8.00003, 6.98066, 7.99996]},
			"faces": {
				"west": {"uv": [0, 13, 1, 15], "texture": "#side"},
				"up": {"uv": [0, 12, 1, 13], "rotation": 90, "texture": "#side"},
				"down": {"uv": [0, 15, 1, 16], "rotation": 270, "texture": "#side"}
			}
		},
		{
			"from": [5.375, 7.75, 5.375],
			"to": [10.625, 8.5, 10.625],
			"rotation": {"angle": 45, "axis": "y", "origin": [8.00003, 6.98066, 7.99996]},
			"faces": {
				"north": {"uv": [1, 0, 8, 1], "texture": "#bottom"},
				"east": {"uv": [0, 1, 1, 8], "rotation": 90, "texture": "#bottom"},
				"south": {"uv": [1, 8, 8, 9], "rotation": 180, "texture": "#bottom"},
				"west": {"uv": [8, 1, 9, 8], "rotation": 270, "texture": "#bottom"},
				"down": {"uv": [1, 1, 8, 8], "rotation": 180, "texture": "#bottom"}
			}
		},
		{
			"from": [6.875, 12.25, 6.875],
			"to": [9.125, 13, 9.125],
			"rotation": {"angle": 45, "axis": "y", "origin": [8.00003, 6.98066, 7.99996]},
			"faces": {
				"north": {"uv": [1, 11, 4, 12], "rotation": 180, "texture": "#top"},
				"east": {"uv": [4, 12, 5, 15], "rotation": 90, "texture": "#top"},
				"south": {"uv": [1, 15, 4, 16], "texture": "#top"},
				"west": {"uv": [0, 12, 1, 15], "rotation": 270, "texture": "#top"},
				"up": {"uv": [1, 12, 4, 15], "texture": "#top"}
			}
		},
		{
			"from": [6.125, 12.25, 6.125],
			"to": [9.875, 12.25, 9.875],
			"rotation": {"angle": 45, "axis": "y", "origin": [8.00003, 6.98066, 7.99996]},
			"faces": {
				"up": {"uv": [6, 11, 11, 16], "texture": "#top"}
			}
		},
		{
			"from": [6.125, 10, 6.875],
			"to": [9.875, 12.25, 9.125],
			"rotation": {"angle": 45, "axis": "y", "origin": [8.00003, 6.98066, 7.99996]},
			"faces": {
				"east": {"uv": [11, 5, 14, 8], "texture": "#side"},
				"west": {"uv": [11, 13, 14, 16], "texture": "#side"}
			}
		},
		{
			"from": [6.875, 10, 6.125],
			"to": [9.125, 12.25, 9.875],
			"rotation": {"angle": 45, "axis": "y", "origin": [8.00003, 6.98066, 7.99996]},
			"faces": {
				"north": {"uv": [11, 1, 14, 4], "texture": "#side"},
				"south": {"uv": [11, 9, 14, 12], "texture": "#side"}
			}
		},
		{
			"from": [5.87872, 10, 7.46968],
			"to": [6.62872, 12.25375, 8.53035],
			"rotation": {"angle": 0, "axis": "y", "origin": [8.00003, 6.98066, 7.99996]},
			"faces": {
				"west": {"uv": [10, 13, 11, 16], "texture": "#side"},
				"up": {"uv": [10, 12, 11, 13], "rotation": 90, "texture": "#side"}
			}
		},
		{
			"from": [7.4697, 10, 9.37134],
			"to": [8.53037, 12.25375, 10.12134],
			"rotation": {"angle": 0, "axis": "y", "origin": [8.00003, 6.98066, 7.99996]},
			"faces": {
				"south": {"uv": [10, 9, 11, 12], "texture": "#side"},
				"up": {"uv": [10, 8, 11, 9], "texture": "#side"}
			}
		},
		{
			"from": [9.37135, 10, 7.46968],
			"to": [10.12135, 12.25375, 8.53035],
			"rotation": {"angle": 0, "axis": "y", "origin": [8.00003, 6.98066, 7.99996]},
			"faces": {
				"east": {"uv": [10, 5, 11, 8], "texture": "#side"},
				"up": {"uv": [10, 4, 11, 5], "texture": "#side"}
			}
		},
		{
			"from": [7.4697, 10, 5.87869],
			"to": [8.53036, 12.25375, 6.62869],
			"rotation": {"angle": 0, "axis": "y", "origin": [8.00003, 6.98066, 7.99996]},
			"faces": {
				"north": {"uv": [10, 1, 11, 4], "texture": "#side"},
				"up": {"uv": [10, 0, 11, 1], "rotation": 180, "texture": "#side"}
			}
		}
	],
	"groups": [
		{
			"name": "group",
			"origin": [8, 8, 8],
			"children": [0]
		},
		{
			"name": "group",
			"origin": [8, 8, 8],
			"children": [1, 2, 3, 4, 5, 6, 7, 8, 9, 10]
		},
		{
			"name": "group",
			"origin": [8, 8, 8],
			"children": [11, 12, 13, 14, 15, 16, 17, 18]
		}
	]
}