{
	"parent": "minecraft:block/fungus/generic_warped",
	"ambientocclusion": false,
	"elements": [
		{
			"from": [7.25, 4, 7.25],
			"to": [8.75, 7.75, 8.75],
			"rotation": {"angle": 45, "axis": "y", "origin": [8, 7, 8]},
			"faces": {
				"north": {"uv": [0, 2, 2, 7], "texture": "#stem"},
				"east": {"uv": [2, 2, 4, 7], "texture": "#stem"},
				"south": {"uv": [4, 2, 6, 7], "texture": "#stem"},
				"west": {"uv": [6, 2, 8, 7], "texture": "#stem"}
			}
		},
		{
			"from": [4.625, 7.75, 4.625],
			"to": [11.375, 10.75, 11.375],
			"rotation": {"angle": 45, "axis": "y", "origin": [8, 7, 8]},
			"faces": {
				"north": {"uv": [0, 0, 9, 4], "texture": "#side"},
				"east": {"uv": [0, 4, 9, 8], "texture": "#side"},
				"south": {"uv": [0, 8, 9, 12], "texture": "#side"},
				"west": {"uv": [0, 12, 9, 16], "texture": "#side"},
				"up": {"uv": [0, 0, 9, 9], "texture": "#top"},
				"down": {"uv": [0, 0, 9, 9], "texture": "#bottom"}
			}
		}
	]
}