{
	"textures": {
		"south_west": "minecraft:block/iron_bars/south_west",
		"particle": "minecraft:block/iron_bars"
	},
	"elements": [
		{
			"from": [7, 0, 12],
			"to": [9, 16, 14],
			"faces": {
				"north": {"uv": [0, 0, 2, 16], "texture": "#south_west"},
				"east": {"uv": [2, 0, 4, 16], "texture": "#south_west"},
				"south": {"uv": [4, 0, 6, 16], "texture": "#south_west"},
				"west": {"uv": [6, 0, 8, 16], "texture": "#south_west"},
				"up": {"uv": [10, 2, 8, 0], "texture": "#south_west"},
				"down": {"uv": [12, 2, 10, 0], "texture": "#south_west"}
			}
		},
		{
			"from": [7, 7, 14],
			"to": [9, 9, 16],
			"faces": {
				"east": {"uv": [12, 14, 14, 16], "rotation": 180, "texture": "#south_west"},
				"south": {"uv": [14, 10, 16, 12], "texture": "#south_west", "cullface": "south"},
				"west": {"uv": [12, 10, 14, 12], "texture": "#south_west"},
				"up": {"uv": [12, 8, 14, 10], "rotation": 90, "texture": "#south_west"},
				"down": {"uv": [12, 12, 14, 14], "rotation": 270, "texture": "#south_west"}
			}
		},
		{
			"from": [7, 12, 9],
			"to": [9, 14, 12],
			"faces": {
				"east": {"uv": [9, 14, 12, 16], "rotation": 180, "texture": "#south_west"},
				"west": {"uv": [9, 10, 12, 12], "texture": "#south_west"},
				"up": {"uv": [9, 8, 12, 10], "rotation": 90, "texture": "#south_west"},
				"down": {"uv": [9, 12, 12, 14], "rotation": 270, "texture": "#south_west"}
			}
		}
	]
}