{
	"multipart": [
		{
			"apply": [
				{ "model": "minecraft:block/flower_pot", "y": 0 },
				{ "model": "minecraft:block/flower_pot", "y": 90 },
				{ "model": "minecraft:block/flower_pot", "y": 180 },
				{ "model": "minecraft:block/flower_pot", "y": 270 }
			]
		},
		{
			"apply": [
				{ "model": "minecraft:block/potted_fungus/warped_0", "y": 0 },
				{ "model": "minecraft:block/potted_fungus/warped_0", "y": 90 },
				{ "model": "minecraft:block/potted_fungus/warped_0", "y": 180 },
				{ "model": "minecraft:block/potted_fungus/warped_0", "y": 270 },
				{ "model": "minecraft:block/potted_fungus/warped_1", "y": 0 },
				{ "model": "minecraft:block/potted_fungus/warped_1", "y": 90 },
				{ "model": "minecraft:block/potted_fungus/warped_1", "y": 180 },
				{ "model": "minecraft:block/potted_fungus/warped_1", "y": 270 }
			]
		}
	]
}