{
	"multipart": [
		{
			"when": { "lit": false },
			"apply": { "model": "minecraft:block/redstone_lamp_side_off", "y": 0 }
		},
		{
			"when": { "lit": false },
			"apply": { "model": "minecraft:block/redstone_lamp_side_off", "y": 90 }
		},
		{
			"when": { "lit": false },
			"apply": { "model": "minecraft:block/redstone_lamp_side_off", "y": 180 }
		},
		{
			"when": { "lit": false },
			"apply": { "model": "minecraft:block/redstone_lamp_side_off", "y": 270 }
		},
		{
			"when": { "lit": false },
			"apply": { "model": "minecraft:block/redstone_lamp_side_off", "y": 180, "x": 90 }
		},
		{
			"when": { "lit": false },
			"apply": { "model": "minecraft:block/redstone_lamp_side_off", "y": 180, "x": 270 }
		},
		{
			"when": { "lit": true },
			"apply": { "model": "minecraft:block/redstone_lamp_side_on", "y": 0 }
		},
		{
			"when": { "lit": true },
			"apply": { "model": "minecraft:block/redstone_lamp_side_on", "y": 90 }
		},
		{
			"when": { "lit": true },
			"apply": { "model": "minecraft:block/redstone_lamp_side_on", "y": 180 }
		},
		{
			"when": { "lit": true },
			"apply": { "model": "minecraft:block/redstone_lamp_side_on", "y": 270 }
		},
		{
			"when": { "lit": true },
			"apply": { "model": "minecraft:block/redstone_lamp_side_on", "y": 180, "x": 90 }
		},
		{
			"when": { "lit": true },
			"apply": { "model": "minecraft:block/redstone_lamp_side_on", "y": 180, "x": 270 }
		}
	]
}