{
	"variants": {
		"lit=false": [
			{ "model": "minecraft:block/torch/standing_redstone_off", "y": 0 },
			{ "model": "minecraft:block/torch/standing_redstone_off", "y": 90 },
			{ "model": "minecraft:block/torch/standing_redstone_off", "y": 180 },
			{ "model": "minecraft:block/torch/standing_redstone_off", "y": 270 }
		],
		"lit=true": [
			{ "model": "minecraft:block/torch/standing_redstone_on", "y": 0 },
			{ "model": "minecraft:block/torch/standing_redstone_on", "y": 90 },
			{ "model": "minecraft:block/torch/standing_redstone_on", "y": 180 },
			{ "model": "minecraft:block/torch/standing_redstone_on", "y": 270 }
		]
	}
}