{
	"multipart": [
		{
			"when": { "lit": false, "facing": "north" },
			"apply": [
				{ "model": "minecraft:block/torch/wall_redstone_off_0", "y": 0 },
				{ "model": "minecraft:block/torch/wall_redstone_off_1", "y": 0 },
				{ "model": "minecraft:block/torch/wall_redstone_off_2", "y": 0 },
				{ "model": "minecraft:block/torch/wall_redstone_off_3", "y": 0 }
			]
		},
		{
			"when": { "lit": false, "facing": "east" },
			"apply": [
				{ "model": "minecraft:block/torch/wall_redstone_off_0", "y": 90 },
				{ "model": "minecraft:block/torch/wall_redstone_off_1", "y": 90 },
				{ "model": "minecraft:block/torch/wall_redstone_off_2", "y": 90 },
				{ "model": "minecraft:block/torch/wall_redstone_off_3", "y": 90 }
			]
		},
		{
			"when": { "lit": false, "facing": "south" },
			"apply": [
				{ "model": "minecraft:block/torch/wall_redstone_off_0", "y": 180 },
				{ "model": "minecraft:block/torch/wall_redstone_off_1", "y": 180 },
				{ "model": "minecraft:block/torch/wall_redstone_off_2", "y": 180 },
				{ "model": "minecraft:block/torch/wall_redstone_off_3", "y": 180 }
			]
		},
		{
			"when": { "lit": false, "facing": "west" },
			"apply": [
				{ "model": "minecraft:block/torch/wall_redstone_off_0", "y": 270 },
				{ "model": "minecraft:block/torch/wall_redstone_off_1", "y": 270 },
				{ "model": "minecraft:block/torch/wall_redstone_off_2", "y": 270 },
				{ "model": "minecraft:block/torch/wall_redstone_off_3", "y": 270 }
			]
		},
		{
			"when": { "lit": true, "facing": "north" },
			"apply": [
				{ "model": "minecraft:block/torch/wall_redstone_on_0", "y": 0 },
				{ "model": "minecraft:block/torch/wall_redstone_on_1", "y": 0 },
				{ "model": "minecraft:block/torch/wall_redstone_on_2", "y": 0 },
				{ "model": "minecraft:block/torch/wall_redstone_on_3", "y": 0 }
			]
		},
		{
			"when": { "lit": true, "facing": "east" },
			"apply": [
				{ "model": "minecraft:block/torch/wall_redstone_on_0", "y": 90 },
				{ "model": "minecraft:block/torch/wall_redstone_on_1", "y": 90 },
				{ "model": "minecraft:block/torch/wall_redstone_on_2", "y": 90 },
				{ "model": "minecraft:block/torch/wall_redstone_on_3", "y": 90 }
			]
		},
		{
			"when": { "lit": true, "facing": "south" },
			"apply": [
				{ "model": "minecraft:block/torch/wall_redstone_on_0", "y": 180 },
				{ "model": "minecraft:block/torch/wall_redstone_on_1", "y": 180 },
				{ "model": "minecraft:block/torch/wall_redstone_on_2", "y": 180 },
				{ "model": "minecraft:block/torch/wall_redstone_on_3", "y": 180 }
			]
		},
		{
			"when": { "lit": true, "facing": "west" },
			"apply": [
				{ "model": "minecraft:block/torch/wall_redstone_on_0", "y": 270 },
				{ "model": "minecraft:block/torch/wall_redstone_on_1", "y": 270 },
				{ "model": "minecraft:block/torch/wall_redstone_on_2", "y": 270 },
				{ "model": "minecraft:block/torch/wall_redstone_on_3", "y": 270 }
			]
		},
		{
			"when": { "facing": "north" },
			"apply": { "model": "minecraft:block/torch/holder", "y": 0 }
		},
		{
			"when": { "facing": "east" },
			"apply": { "model": "minecraft:block/torch/holder", "y": 90 }
		},
		{
			"when": { "facing": "south" },
			"apply": { "model": "minecraft:block/torch/holder", "y": 180 }
		},
		{
			"when": { "facing": "west" },
			"apply": { "model": "minecraft:block/torch/holder", "y": 270 }
		}
	]
}