{
	"multipart": [
		{
			"when": { "facing": "north" },
			"apply": [
				{ "model": "minecraft:block/torch/wall_normal_0", "y": 0 },
				{ "model": "minecraft:block/torch/wall_normal_1", "y": 0 },
				{ "model": "minecraft:block/torch/wall_normal_2", "y": 0 },
				{ "model": "minecraft:block/torch/wall_normal_3", "y": 0 }
			]
		},
		{
			"when": { "facing": "east" },
			"apply": [
				{ "model": "minecraft:block/torch/wall_normal_0", "y": 90 },
				{ "model": "minecraft:block/torch/wall_normal_1", "y": 90 },
				{ "model": "minecraft:block/torch/wall_normal_2", "y": 90 },
				{ "model": "minecraft:block/torch/wall_normal_3", "y": 90 }
			]
		},
		{
			"when": { "facing": "south" },
			"apply": [
				{ "model": "minecraft:block/torch/wall_normal_0", "y": 180 },
				{ "model": "minecraft:block/torch/wall_normal_1", "y": 180 },
				{ "model": "minecraft:block/torch/wall_normal_2", "y": 180 },
				{ "model": "minecraft:block/torch/wall_normal_3", "y": 180 }
			]
		},
		{
			"when": { "facing": "west" },
			"apply": [
				{ "model": "minecraft:block/torch/wall_normal_0", "y": 270 },
				{ "model": "minecraft:block/torch/wall_normal_1", "y": 270 },
				{ "model": "minecraft:block/torch/wall_normal_2", "y": 270 },
				{ "model": "minecraft:block/torch/wall_normal_3", "y": 270 }
			]
		},
		{
			"when": { "facing": "north" },
			"apply": { "model": "minecraft:block/torch/holder", "y": 0 }
		},
		{
			"when": { "facing": "east" },
			"apply": { "model": "minecraft:block/torch/holder", "y": 90 }
		},
		{
			"when": { "facing": "south" },
			"apply": { "model": "minecraft:block/torch/holder", "y": 180 }
		},
		{
			"when": { "facing": "west" },
			"apply": { "model": "minecraft:block/torch/holder", "y": 270 }
		}
	]
}