{
	"textures": {
		"rail": "minecraft:block/rail/rail_slope",
		"crossties_0": "minecraft:block/rail/crossties_0",
		"crossties_1": "minecraft:block/rail/crossties_1",
		"particle": "minecraft:block/rail"
	},
	"elements": [
		{
			"from": [1, 8, -2.4281],
			"to": [15, 9, -0.4281],
			"rotation": {"angle": 45, "axis": "x", "origin": [8, 9, 8]},
			"faces": {
				"north": {"uv": [1, 0, 15, 1], "rotation": 180, "texture": "#crossties_0"},
				"east": {"uv": [15, 1, 16, 3], "rotation": 90, "texture": "#crossties_0"},
				"south": {"uv": [1, 3, 15, 4], "texture": "#crossties_0"},
				"west": {"uv": [0, 1, 1, 3], "rotation": 270, "texture": "#crossties_0"},
				"up": {"uv": [1, 1, 15, 3], "texture": "#crossties_0"},
				"down": {"uv": [1, 4, 15, 6], "texture": "#crossties_0"}
			}
		},
		{
			"from": [1, 8, 1.3431],
			"to": [15, 9, 3.3431],
			"rotation": {"angle": 45, "axis": "x", "origin": [8, 9, 8]},
			"faces": {
				"north": {"uv": [1, 8, 15, 9], "rotation": 180, "texture": "#crossties_0"},
				"east": {"uv": [15, 9, 16, 11], "rotation": 90, "texture": "#crossties_0"},
				"south": {"uv": [1, 11, 15, 12], "texture": "#crossties_0"},
				"west": {"uv": [0, 9, 1, 11], "rotation": 270, "texture": "#crossties_0"},
				"up": {"uv": [1, 9, 15, 11], "texture": "#crossties_0"},
				"down": {"uv": [1, 12, 15, 14], "texture": "#crossties_0"}
			}
		},
		{
			"from": [1, 8, 5.11438],
			"to": [15, 9, 7.11438],
			"rotation": {"angle": 45, "axis": "x", "origin": [8, 9, 8]},
			"faces": {
				"north": {"uv": [1, 0, 15, 1], "rotation": 180, "texture": "#crossties_1"},
				"east": {"uv": [15, 1, 16, 3], "rotation": 90, "texture": "#crossties_1"},
				"south": {"uv": [1, 3, 15, 4], "texture": "#crossties_1"},
				"west": {"uv": [0, 1, 1, 3], "rotation": 270, "texture": "#crossties_1"},
				"up": {"uv": [1, 1, 15, 3], "texture": "#crossties_1"},
				"down": {"uv": [1, 4, 15, 6], "texture": "#crossties_1"}
			}
		},
		{
			"from": [1, 8, 8.88562],
			"to": [15, 9, 10.88562],
			"rotation": {"angle": 45, "axis": "x", "origin": [8, 9, 8]},
			"faces": {
				"north": {"uv": [1, 8, 15, 9], "rotation": 180, "texture": "#crossties_1"},
				"east": {"uv": [15, 9, 16, 11], "rotation": 90, "texture": "#crossties_1"},
				"south": {"uv": [1, 11, 15, 12], "texture": "#crossties_1"},
				"west": {"uv": [0, 9, 1, 11], "rotation": 270, "texture": "#crossties_1"},
				"up": {"uv": [1, 9, 15, 11], "texture": "#crossties_1"},
				"down": {"uv": [1, 12, 15, 14], "texture": "#crossties_1"}
			}
		},
		{
			"from": [1, 8, 12.65685],
			"to": [15, 9, 14.65685],
			"rotation": {"angle": 45, "axis": "x", "origin": [8, 9, 8]},
			"faces": {
				"north": {"uv": [1, 0, 15, 1], "rotation": 180, "texture": "#crossties_0"},
				"east": {"uv": [15, 1, 16, 3], "rotation": 90, "texture": "#crossties_0"},
				"south": {"uv": [1, 3, 15, 4], "texture": "#crossties_0"},
				"west": {"uv": [0, 1, 1, 3], "rotation": 270, "texture": "#crossties_0"},
				"up": {"uv": [1, 1, 15, 3], "texture": "#crossties_0"},
				"down": {"uv": [1, 4, 15, 6], "texture": "#crossties_0"}
			}
		},
		{
			"from": [1, 8, 16.42809],
			"to": [15, 9, 18.42809],
			"rotation": {"angle": 45, "axis": "x", "origin": [8, 9, 8]},
			"faces": {
				"north": {"uv": [1, 0, 15, 1], "rotation": 180, "texture": "#crossties_1"},
				"east": {"uv": [15, 1, 16, 3], "rotation": 90, "texture": "#crossties_1"},
				"south": {"uv": [1, 3, 15, 4], "texture": "#crossties_1"},
				"west": {"uv": [0, 1, 1, 3], "rotation": 270, "texture": "#crossties_1"},
				"up": {"uv": [1, 1, 15, 3], "texture": "#crossties_1"},
				"down": {"uv": [1, 4, 15, 6], "texture": "#crossties_1"}
			}
		},
		{
			"from": [3, 9, 8],
			"to": [4, 10.5, 19.31371],
			"rotation": {"angle": 45, "axis": "x", "origin": [8, 9, 8]},
			"faces": {
				"east": {"uv": [5, 13, 16, 14.5], "texture": "#rail"},
				"south": {"uv": [1, 8.5, 2, 10], "texture": "#rail"},
				"west": {"uv": [5, 10.5, 16, 12], "rotation": 180, "texture": "#rail"},
				"up": {"uv": [5, 12, 16, 13], "rotation": 270, "texture": "#rail"},
				"down": {"uv": [5, 15, 16, 16], "rotation": 90, "texture": "#rail"}
			}
		},
		{
			"from": [2, 9, 8],
			"to": [3, 10, 19.31371],
			"rotation": {"angle": 45, "axis": "x", "origin": [8, 9, 8]},
			"faces": {
				"south": {"uv": [0, 9, 1, 10], "texture": "#rail"},
				"west": {"uv": [5, 9, 16, 10], "rotation": 180, "texture": "#rail"},
				"up": {"uv": [5, 10, 16, 11], "rotation": 270, "texture": "#rail"},
				"down": {"uv": [5, 8, 16, 9], "rotation": 90, "texture": "#rail"}
			}
		},
		{
			"from": [3, 9, -3.31371],
			"to": [4, 10.5, 8],
			"rotation": {"angle": 45, "axis": "x", "origin": [8, 9, 8]},
			"faces": {
				"north": {"uv": [2, 8.5, 3, 10], "texture": "#rail"},
				"east": {"uv": [0, 5, 11, 6.5], "texture": "#rail"},
				"west": {"uv": [0, 2.5, 11, 4], "rotation": 180, "texture": "#rail"},
				"up": {"uv": [0, 4, 11, 5], "rotation": 270, "texture": "#rail"},
				"down": {"uv": [0, 7, 11, 8], "rotation": 90, "texture": "#rail"}
			}
		},
		{
			"from": [2, 9, -3.31371],
			"to": [3, 10, 8],
			"rotation": {"angle": 45, "axis": "x", "origin": [8, 9, 8]},
			"faces": {
				"north": {"uv": [3, 9, 4, 10], "texture": "#rail"},
				"west": {"uv": [0, 1, 11, 2], "rotation": 180, "texture": "#rail"},
				"up": {"uv": [0, 2, 11, 3], "rotation": 270, "texture": "#rail"},
				"down": {"uv": [0, 0, 11, 1], "rotation": 90, "texture": "#rail"}
			}
		},
		{
			"from": [12, 9, 8],
			"to": [13, 10.5, 19.31371],
			"rotation": {"angle": 45, "axis": "x", "origin": [8, 9, 8]},
			"faces": {
				"east": {"uv": [16, 10.5, 5, 12], "rotation": 180, "texture": "#rail"},
				"south": {"uv": [2, 8.5, 1, 10], "texture": "#rail"},
				"west": {"uv": [16, 13, 5, 14.5], "texture": "#rail"},
				"up": {"uv": [5, 13, 16, 12], "rotation": 270, "texture": "#rail"},
				"down": {"uv": [5, 16, 16, 15], "rotation": 90, "texture": "#rail"}
			}
		},
		{
			"from": [13, 9, 8],
			"to": [14, 10, 19.31371],
			"rotation": {"angle": 45, "axis": "x", "origin": [8, 9, 8]},
			"faces": {
				"east": {"uv": [16, 9, 5, 10], "rotation": 180, "texture": "#rail"},
				"south": {"uv": [1, 9, 0, 10], "texture": "#rail"},
				"up": {"uv": [5, 11, 16, 10], "rotation": 270, "texture": "#rail"},
				"down": {"uv": [5, 9, 16, 8], "rotation": 90, "texture": "#rail"}
			}
		},
		{
			"from": [12, 9, -3.31371],
			"to": [13, 10.5, 8],
			"rotation": {"angle": 45, "axis": "x", "origin": [8, 9, 8]},
			"faces": {
				"north": {"uv": [3, 8.5, 2, 10], "texture": "#rail"},
				"east": {"uv": [11, 2.5, 0, 4], "rotation": 180, "texture": "#rail"},
				"west": {"uv": [11, 5, 0, 6.5], "texture": "#rail"},
				"up": {"uv": [0, 5, 11, 4], "rotation": 270, "texture": "#rail"},
				"down": {"uv": [0, 8, 11, 7], "rotation": 90, "texture": "#rail"}
			}
		},
		{
			"from": [13, 9, -3.31371],
			"to": [14, 10, 8],
			"rotation": {"angle": 45, "axis": "x", "origin": [8, 9, 8]},
			"faces": {
				"north": {"uv": [4, 9, 3, 10], "texture": "#rail"},
				"east": {"uv": [11, 1, 0, 2], "rotation": 180, "texture": "#rail"},
				"up": {"uv": [0, 3, 11, 2], "rotation": 270, "texture": "#rail"},
				"down": {"uv": [0, 1, 11, 0], "rotation": 90, "texture": "#rail"}
			}
		}
	],
	"groups": [
		{
			"name": "group",
			"origin": [8, 8, 8],
			"children": [0, 1, 2, 3, 4, 5]
		},
		{
			"name": "group",
			"origin": [8, 8, 8],
			"children": [6, 7, 8, 9]
		},
		{
			"name": "group",
			"origin": [8, 8, 8],
			"children": [10, 11, 12, 13]
		}
	]
}