{
	"textures": {
		"rail": "minecraft:block/rail/rail_corner",
		"crossties_0": "minecraft:block/rail/crossties_0",
		"crossties_1": "minecraft:block/rail/crossties_1",
		"particle": "minecraft:block/rail"
	},
	"elements": [
		{
			"from": [13, 0, 1],
			"to": [15, 1, 15],
			"faces": {
				"north": {"uv": [0, 1, 1, 3], "rotation": 270, "texture": "#crossties_0"},
				"east": {"uv": [1, 0, 15, 1], "rotation": 180, "texture": "#crossties_0"},
				"south": {"uv": [15, 1, 16, 3], "rotation": 90, "texture": "#crossties_0"},
				"west": {"uv": [1, 3, 15, 4], "texture": "#crossties_0"},
				"up": {"uv": [1, 1, 15, 3], "rotation": 90, "texture": "#crossties_0"},
				"down": {"uv": [1, 4, 15, 6], "rotation": 270, "texture": "#crossties_0", "cullface": "down"}
			}
		},
		{
			"from": [4.87868, 0.01, 5.05025],
			"to": [15.87868, 1.01, 7.05025],
			"rotation": {"angle": -45, "axis": "y", "origin": [6.05025, 9, 6.05025]},
			"faces": {
				"north": {"uv": [1, 8, 12, 9], "rotation": 180, "texture": "#crossties_0"},
				"south": {"uv": [1, 11, 12, 12], "texture": "#crossties_0"},
				"west": {"uv": [0, 9, 1, 11], "rotation": 270, "texture": "#crossties_0"},
				"up": {"uv": [1, 9, 12, 11], "texture": "#crossties_0"},
				"down": {"uv": [1, 12, 12, 14], "texture": "#crossties_0", "cullface": "down"}
			}
		},
		{
			"from": [1, 0, 13],
			"to": [13, 1, 15],
			"faces": {
				"north": {"uv": [1, 8, 13, 9], "rotation": 180, "texture": "#crossties_1"},
				"south": {"uv": [1, 11, 13, 12], "texture": "#crossties_1"},
				"west": {"uv": [0, 9, 1, 11], "rotation": 270, "texture": "#crossties_1"},
				"up": {"uv": [1, 9, 13, 11], "texture": "#crossties_1"},
				"down": {"uv": [1, 12, 13, 14], "texture": "#crossties_1", "cullface": "down"}
			}
		},
		{
			"from": [12, 1, 14],
			"to": [13, 2.5, 16],
			"faces": {
				"east": {"uv": [14, 10.5, 16, 12], "rotation": 180, "texture": "#rail"},
				"south": {"uv": [8, 2.5, 9, 4], "texture": "#rail", "cullface": "south"},
				"west": {"uv": [14, 13, 16, 14.5], "texture": "#rail"},
				"up": {"uv": [14, 12, 16, 13], "rotation": 90, "texture": "#rail"},
				"down": {"uv": [14, 15, 16, 16], "rotation": 270, "texture": "#rail"}
			}
		},
		{
			"from": [17.41421, 1, 10.10051],
			"to": [18.41421, 2.505, 12.92893],
			"rotation": {"angle": -45, "axis": "y", "origin": [13.41421, 8, 6.92893]},
			"faces": {
				"east": {"uv": [6.586, 3.5, 9.414, 5], "rotation": 180, "texture": "#rail"},
				"west": {"uv": [6.586, 6, 9.414, 7.5], "texture": "#rail"},
				"up": {"uv": [6.586, 5, 9.414, 6], "rotation": 90, "texture": "#rail"}
			}
		},
		{
			"from": [14, 1, 12],
			"to": [16, 2.5, 13],
			"faces": {
				"north": {"uv": [0, 13, 2, 14.5], "texture": "#rail"},
				"east": {"uv": [7, 2.5, 8, 4], "texture": "#rail", "cullface": "east"},
				"south": {"uv": [0, 10.5, 2, 12], "rotation": 180, "texture": "#rail"},
				"up": {"uv": [0, 12, 2, 13], "rotation": 180, "texture": "#rail"},
				"down": {"uv": [0, 15, 2, 16], "rotation": 180, "texture": "#rail"}
			}
		},
		{
			"from": [13, 1, 14],
			"to": [14, 2, 16],
			"faces": {
				"east": {"uv": [14, 9, 16, 10], "rotation": 180, "texture": "#rail"},
				"south": {"uv": [9, 3, 10, 4], "texture": "#rail", "cullface": "south"},
				"up": {"uv": [14, 10, 16, 11], "rotation": 90, "texture": "#rail"},
				"down": {"uv": [14, 8, 16, 9], "rotation": 270, "texture": "#rail"}
			}
		},
		{
			"from": [14, 1, 13],
			"to": [16, 2, 14],
			"faces": {
				"east": {"uv": [6, 3, 7, 4], "texture": "#rail", "cullface": "east"},
				"south": {"uv": [0, 9, 2, 10], "rotation": 180, "texture": "#rail"},
				"up": {"uv": [0, 10, 2, 11], "rotation": 180, "texture": "#rail"},
				"down": {"uv": [0, 8, 2, 9], "rotation": 180, "texture": "#rail"}
			}
		},
		{
			"from": [13, 2, 13],
			"to": [14, 2, 14],
			"faces": {
				"up": {"uv": [8.25, 1.25, 9, 2], "texture": "#rail"}
			}
		},
		{
			"from": [10.27207, 1, 3],
			"to": [16, 2.505, 4],
			"faces": {
				"north": {"uv": [10.272, 2.5, 16, 4], "rotation": 180, "texture": "#rail"},
				"east": {"uv": [8, 2.5, 9, 4], "texture": "#rail", "cullface": "east"},
				"south": {"uv": [10.2721, 5, 16, 6.5], "texture": "#rail"},
				"up": {"uv": [10.272, 4, 16, 5], "texture": "#rail"},
				"down": {"uv": [10.2721, 7, 16, 8], "texture": "#rail"}
			}
		},
		{
			"from": [1.84747, 0.995, 6.48958],
			"to": [12.13172, 2.51, 7.48957],
			"rotation": {"angle": 45, "axis": "y", "origin": [6.98959, 1.7525, 6.98959]},
			"faces": {
				"north": {"uv": [2.85785, 10.5, 13.14285, 12], "rotation": 180, "texture": "#rail"},
				"south": {"uv": [2.85785, 13, 13.14285, 14.5], "texture": "#rail"},
				"up": {"uv": [2.85785, 12, 13.14285, 13], "texture": "#rail"},
				"down": {"uv": [2.85785, 15, 13.14285, 16], "texture": "#rail"}
			}
		},
		{
			"from": [1.89772, 0.995, 2.95406],
			"to": [13.01042, 2.005, 3.95404],
			"rotation": {"angle": 45, "axis": "y", "origin": [10.2825, 1.7525, 6.2825]},
			"faces": {
				"north": {"uv": [2.4435, 9, 13.5565, 10], "rotation": 180, "texture": "#rail"},
				"up": {"uv": [2.4435, 10, 13.5565, 11], "texture": "#rail"},
				"down": {"uv": [2.4435, 8, 13.5565, 9], "texture": "#rail"}
			}
		},
		{
			"from": [3, 1, 10.27206],
			"to": [4, 2.505, 16],
			"faces": {
				"east": {"uv": [0, 5, 5.7279, 6.5], "texture": "#rail"},
				"south": {"uv": [7, 2.5, 8, 4], "texture": "#rail", "cullface": "south"},
				"west": {"uv": [0, 2.5, 5.7279, 4], "rotation": 180, "texture": "#rail"},
				"up": {"uv": [0, 4, 5.7279, 5], "rotation": 270, "texture": "#rail"},
				"down": {"uv": [0, 7, 5.7279, 8], "rotation": 90, "texture": "#rail"}
			}
		},
		{
			"from": [9.85787, 1, 2],
			"to": [16, 2, 3],
			"faces": {
				"north": {"uv": [9.8579, 1, 16, 2], "rotation": 180, "texture": "#rail"},
				"east": {"uv": [9, 3, 10, 4], "texture": "#rail", "cullface": "east"},
				"up": {"uv": [9.8579, 2, 16, 3], "texture": "#rail"},
				"down": {"uv": [9.8579, 0, 16, 1], "texture": "#rail"}
			}
		},
		{
			"from": [2, 1, 9.85787],
			"to": [3, 2, 16],
			"faces": {
				"south": {"uv": [6, 3, 7, 4], "texture": "#rail", "cullface": "south"},
				"west": {"uv": [0, 1, 6.14, 2], "rotation": 180, "texture": "#rail"},
				"up": {"uv": [0, 2, 6.14, 3], "rotation": 270, "texture": "#rail"},
				"down": {"uv": [0, 0, 6.14, 1], "rotation": 90, "texture": "#rail"}
			}
		}
	],
	"groups": [
		{
			"name": "group",
			"origin": [8, 8, 8],
			"children": [0, 1, 2]
		},
		{
			"name": "group",
			"origin": [8, 8, 8],
			"children": [3, 4, 5, 6, 7, 8]
		},
		{
			"name": "group",
			"origin": [8, 8, 8],
			"children": [9, 10, 11, 12, 13, 14]
		}
	]
}