{
	"parent": "minecraft:item/generic_rail_display",
	"textures": {
		"rail": "minecraft:block/rail/rail_straight",
		"crossties_0": "minecraft:block/rail/crossties_0",
		"crossties_1": "minecraft:block/rail/crossties_1",
		"particle": "minecraft:block/rail"
	},
	"elements": [
		{
			"from": [1, 0, 1],
			"to": [15, 1, 3],
			"faces": {
				"north": {"uv": [1, 0, 15, 1], "rotation": 180, "texture": "#crossties_0"},
				"east": {"uv": [15, 1, 16, 3], "rotation": 90, "texture": "#crossties_0"},
				"south": {"uv": [1, 3, 15, 4], "texture": "#crossties_0"},
				"west": {"uv": [0, 1, 1, 3], "rotation": 270, "texture": "#crossties_0"},
				"up": {"uv": [1, 1, 15, 3], "texture": "#crossties_0"},
				"down": {"uv": [1, 4, 15, 6], "texture": "#crossties_0", "cullface": "down"}
			}
		},
		{
			"from": [1, 0, 5],
			"to": [15, 1, 7],
			"faces": {
				"north": {"uv": [1, 8, 15, 9], "rotation": 180, "texture": "#crossties_0"},
				"east": {"uv": [15, 9, 16, 11], "rotation": 90, "texture": "#crossties_0"},
				"south": {"uv": [1, 11, 15, 12], "texture": "#crossties_0"},
				"west": {"uv": [0, 9, 1, 11], "rotation": 270, "texture": "#crossties_0"},
				"up": {"uv": [1, 9, 15, 11], "texture": "#crossties_0"},
				"down": {"uv": [1, 12, 15, 14], "texture": "#crossties_0", "cullface": "down"}
			}
		},
		{
			"from": [1, 0, 9],
			"to": [15, 1, 11],
			"faces": {
				"north": {"uv": [1, 0, 15, 1], "rotation": 180, "texture": "#crossties_1"},
				"east": {"uv": [15, 1, 16, 3], "rotation": 90, "texture": "#crossties_1"},
				"south": {"uv": [1, 3, 15, 4], "texture": "#crossties_1"},
				"west": {"uv": [0, 1, 1, 3], "rotation": 270, "texture": "#crossties_1"},
				"up": {"uv": [1, 1, 15, 3], "texture": "#crossties_1"},
				"down": {"uv": [1, 4, 15, 6], "texture": "#crossties_1", "cullface": "down"}
			}
		},
		{
			"from": [1, 0, 13],
			"to": [15, 1, 15],
			"faces": {
				"north": {"uv": [1, 8, 15, 9], "rotation": 180, "texture": "#crossties_1"},
				"east": {"uv": [15, 9, 16, 11], "rotation": 90, "texture": "#crossties_1"},
				"south": {"uv": [1, 11, 15, 12], "texture": "#crossties_1"},
				"west": {"uv": [0, 9, 1, 11], "rotation": 270, "texture": "#crossties_1"},
				"up": {"uv": [1, 9, 15, 11], "texture": "#crossties_1"},
				"down": {"uv": [1, 12, 15, 14], "texture": "#crossties_1", "cullface": "down"}
			}
		},
		{
			"from": [3, 1, 0],
			"to": [4, 2.5, 16],
			"faces": {
				"north": {"uv": [2, 8.5, 3, 10], "texture": "#rail", "cullface": "north"},
				"east": {"uv": [0, 5, 16, 6.5], "texture": "#rail"},
				"south": {"uv": [1, 8.5, 2, 10], "texture": "#rail", "cullface": "south"},
				"west": {"uv": [0, 2.5, 16, 4], "rotation": 180, "texture": "#rail"},
				"up": {"uv": [0, 4, 16, 5], "rotation": 270, "texture": "#rail"},
				"down": {"uv": [0, 7, 16, 8], "rotation": 90, "texture": "#rail"}
			}
		},
		{
			"from": [2, 1, 0],
			"to": [3, 2, 16],
			"faces": {
				"north": {"uv": [3, 9, 4, 10], "texture": "#rail", "cullface": "north"},
				"south": {"uv": [0, 9, 1, 10], "texture": "#rail", "cullface": "south"},
				"west": {"uv": [0, 1, 16, 2], "rotation": 180, "texture": "#rail"},
				"up": {"uv": [0, 2, 16, 3], "rotation": 270, "texture": "#rail"},
				"down": {"uv": [0, 0, 16, 1], "rotation": 90, "texture": "#rail"}
			}
		},
		{
			"from": [12, 1, 0],
			"to": [13, 2.5, 16],
			"faces": {
				"north": {"uv": [3, 8.5, 2, 10], "texture": "#rail", "cullface": "north"},
				"east": {"uv": [16, 2.5, 0, 4], "rotation": 180, "texture": "#rail"},
				"south": {"uv": [2, 8.5, 1, 10], "texture": "#rail", "cullface": "south"},
				"west": {"uv": [16, 5, 0, 6.5], "texture": "#rail"},
				"up": {"uv": [0, 5, 16, 4], "rotation": 270, "texture": "#rail"},
				"down": {"uv": [0, 8, 16, 7], "rotation": 90, "texture": "#rail"}
			}
		},
		{
			"from": [13, 1, 0],
			"to": [14, 2, 16],
			"faces": {
				"north": {"uv": [4, 9, 3, 10], "texture": "#rail", "cullface": "north"},
				"east": {"uv": [16, 1, 0, 2], "rotation": 180, "texture": "#rail"},
				"south": {"uv": [1, 9, 0, 10], "texture": "#rail", "cullface": "south"},
				"up": {"uv": [0, 3, 16, 2], "rotation": 270, "texture": "#rail"},
				"down": {"uv": [0, 1, 16, 0], "rotation": 90, "texture": "#rail"}
			}
		}
	],
	"groups": [
		{
			"name": "group",
			"origin": [8, 8, 8],
			"children": [0, 1, 2, 3]
		},
		{
			"name": "group",
			"origin": [8, 8, 8],
			"children": [4, 5]
		},
		{
			"name": "group",
			"origin": [8, 8, 8],
			"children": [6, 7]
		}
	]
}