{
	"textures": {
		"gold": "minecraft:block/rail/gold_slope",
		"particle": "minecraft:block/powered_rail"
	},
	"elements": [
		{
			"from": [4, 9, 8],
			"to": [5, 10, 19.3137],
			"rotation": {"angle": 45, "axis": "x", "origin": [8, 9, 8]},
			"faces": {
				"east": {"uv": [5, 9, 16, 10], "texture": "#gold"},
				"south": {"uv": [0, 8, 1, 9], "texture": "#gold"},
				"up": {"uv": [5, 8, 16, 9], "rotation": 270, "texture": "#gold"},
				"down": {"uv": [5, 10, 16, 11], "rotation": 90, "texture": "#gold"}
			}
		},
		{
			"from": [4, 9, -3.3137],
			"to": [5, 10, 8],
			"rotation": {"angle": 45, "axis": "x", "origin": [8, 9, 8]},
			"faces": {
				"north": {"uv": [15, 0, 16, 1], "texture": "#gold"},
				"east": {"uv": [0, 1, 11, 2], "texture": "#gold"},
				"up": {"uv": [0, 0, 11, 1], "rotation": 270, "texture": "#gold"},
				"down": {"uv": [0, 2, 11, 3], "rotation": 90, "texture": "#gold"}
			}
		},
		{
			"from": [11, 9, 8],
			"to": [12, 10, 19.3137],
			"rotation": {"angle": 45, "axis": "x", "origin": [8, 9, 8]},
			"faces": {
				"south": {"uv": [1, 8, 0, 9], "texture": "#gold"},
				"west": {"uv": [16, 9, 5, 10], "texture": "#gold"},
				"up": {"uv": [5, 9, 16, 8], "rotation": 270, "texture": "#gold"},
				"down": {"uv": [5, 11, 16, 10], "rotation": 90, "texture": "#gold"}
			}
		},
		{
			"from": [11, 9, -3.3137],
			"to": [12, 10, 8],
			"rotation": {"angle": 45, "axis": "x", "origin": [8, 9, 8]},
			"faces": {
				"north": {"uv": [16, 0, 15, 1], "texture": "#gold"},
				"west": {"uv": [11, 1, 0, 2], "texture": "#gold"},
				"up": {"uv": [0, 1, 11, 0], "rotation": 270, "texture": "#gold"},
				"down": {"uv": [0, 3, 11, 2], "rotation": 90, "texture": "#gold"}
			}
		}
	],
	"groups": [
		{
			"name": "group",
			"origin": [8, 8, 8],
			"children": [0, 1]
		},
		{
			"name": "group",
			"origin": [8, 8, 8],
			"children": [2, 3]
		}
	]
}