{
	"ambientocclusion": false,
	"parent": "minecraft:block/fungus/generic_crimson",
	"elements": [
		{
			"from": [7, 0, 7],
			"to": [9, 5, 9],
			"rotation": {"angle": 45, "axis": "y", "origin": [8.00004, 7.97421, 7.99995]},
			"faces": {
				"north": {"uv": [0, 2, 2, 7], "texture": "#stem"},
				"east": {"uv": [6, 2, 8, 7], "texture": "#stem"},
				"south": {"uv": [4, 2, 6, 7], "texture": "#stem"},
				"west": {"uv": [2, 2, 4, 7], "texture": "#stem"},
				"down": {"uv": [0, 7, 2, 9], "texture": "#stem", "cullface": "down"}
			}
		},
		{
			"from": [3.5, 8, 3.5],
			"to": [12.5, 8, 12.5],
			"rotation": {"angle": 45, "axis": "y", "origin": [8.00004, 7.97421, 7.99995]},
			"faces": {
				"up": {"uv": [0, 0, 9, 9], "texture": "#top"}
			}
		},
		{
			"from": [11.5, 6, 4.5],
			"to": [12.5, 8, 11.5],
			"rotation": {"angle": 45, "axis": "y", "origin": [8.00004, 7.97421, 7.99995]},
			"faces": {
				"east": {"uv": [1, 5, 8, 7], "texture": "#side"},
				"down": {"uv": [1, 7, 8, 8], "rotation": 90, "texture": "#side"}
			}
		},
		{
			"from": [3.5, 6, 4.5],
			"to": [4.5, 8, 11.5],
			"rotation": {"angle": 45, "axis": "y", "origin": [8.00004, 7.97421, 7.99995]},
			"faces": {
				"west": {"uv": [1, 13, 8, 15], "texture": "#side"},
				"down": {"uv": [1, 15, 8, 16], "rotation": 270, "texture": "#side"}
			}
		},
		{
			"from": [4.5, 6, 3.5],
			"to": [11.5, 8, 4.5],
			"rotation": {"angle": 45, "axis": "y", "origin": [8.00004, 7.97421, 7.99995]},
			"faces": {
				"north": {"uv": [1, 1, 8, 3], "texture": "#side"},
				"down": {"uv": [1, 3, 8, 4], "rotation": 180, "texture": "#side"}
			}
		},
		{
			"from": [4.5, 6, 11.5],
			"to": [11.5, 8, 12.5],
			"rotation": {"angle": 45, "axis": "y", "origin": [8.00004, 7.97421, 7.99995]},
			"faces": {
				"south": {"uv": [1, 9, 8, 11], "texture": "#side"},
				"down": {"uv": [1, 11, 8, 12], "texture": "#side"}
			}
		},
		{
			"from": [7.29294, 5.995, 2.34316],
			"to": [8.70715, 8.005, 3.34316],
			"rotation": {"angle": 0, "axis": "y", "origin": [8.00004, 7.97421, 7.99995]},
			"faces": {
				"north": {"uv": [0, 1, 1, 3], "texture": "#side"},
				"up": {"uv": [0, 0, 1, 1], "rotation": 180, "texture": "#side"},
				"down": {"uv": [0, 3, 1, 4], "rotation": 180, "texture": "#side"}
			}
		},
		{
			"from": [12.6569, 5.995, 7.29292],
			"to": [13.6569, 8.005, 8.70713],
			"rotation": {"angle": 0, "axis": "y", "origin": [8.00004, 7.97421, 7.99995]},
			"faces": {
				"east": {"uv": [0, 5, 1, 7], "texture": "#side"},
				"up": {"uv": [0, 4, 1, 5], "rotation": 270, "texture": "#side"},
				"down": {"uv": [0, 7, 1, 8], "rotation": 90, "texture": "#side"}
			}
		},
		{
			"from": [7.29294, 5.995, 12.65687],
			"to": [8.70715, 8.005, 13.65687],
			"rotation": {"angle": 0, "axis": "y", "origin": [8.00004, 7.97421, 7.99995]},
			"faces": {
				"south": {"uv": [0, 9, 1, 11], "texture": "#side"},
				"up": {"uv": [0, 8, 1, 9], "texture": "#side"},
				"down": {"uv": [0, 11, 1, 12], "texture": "#side"}
			}
		},
		{
			"from": [2.34319, 5.995, 7.29292],
			"to": [3.34319, 8.005, 8.70713],
			"rotation": {"angle": 0, "axis": "y", "origin": [8.00004, 7.97421, 7.99995]},
			"faces": {
				"west": {"uv": [0, 13, 1, 15], "texture": "#side"},
				"up": {"uv": [0, 12, 1, 13], "rotation": 90, "texture": "#side"},
				"down": {"uv": [0, 15, 1, 16], "rotation": 270, "texture": "#side"}
			}
		},
		{
			"from": [4.5, 5, 4.5],
			"to": [11.5, 6, 11.5],
			"rotation": {"angle": 45, "axis": "y", "origin": [8.00004, 7.97421, 7.99995]},
			"faces": {
				"north": {"uv": [1, 0, 8, 1], "texture": "#bottom"},
				"east": {"uv": [0, 1, 1, 8], "rotation": 90, "texture": "#bottom"},
				"south": {"uv": [1, 8, 8, 9], "rotation": 180, "texture": "#bottom"},
				"west": {"uv": [8, 1, 9, 8], "rotation": 270, "texture": "#bottom"},
				"down": {"uv": [1, 1, 8, 8], "rotation": 180, "texture": "#bottom"}
			}
		},
		{
			"from": [6.5, 11, 6.5],
			"to": [9.5, 12, 9.5],
			"rotation": {"angle": 45, "axis": "y", "origin": [8.00004, 7.97421, 7.99995]},
			"faces": {
				"north": {"uv": [1, 11, 4, 12], "rotation": 180, "texture": "#top"},
				"east": {"uv": [4, 12, 5, 15], "rotation": 90, "texture": "#top"},
				"south": {"uv": [1, 15, 4, 16], "texture": "#top"},
				"west": {"uv": [0, 12, 1, 15], "rotation": 270, "texture": "#top"},
				"up": {"uv": [1, 12, 4, 15], "texture": "#top"}
			}
		},
		{
			"from": [5.5, 11, 5.5],
			"to": [10.5, 11, 10.5],
			"rotation": {"angle": 45, "axis": "y", "origin": [8.00004, 7.97421, 7.99995]},
			"faces": {
				"up": {"uv": [6, 11, 11, 16], "texture": "#top"}
			}
		},
		{
			"from": [5.5, 8, 6.5],
			"to": [10.5, 11, 9.5],
			"rotation": {"angle": 45, "axis": "y", "origin": [8.00004, 7.97421, 7.99995]},
			"faces": {
				"east": {"uv": [11, 5, 14, 8], "texture": "#side"},
				"west": {"uv": [11, 13, 14, 16], "texture": "#side"}
			}
		},
		{
			"from": [6.5, 8, 5.5],
			"to": [9.5, 11, 10.5],
			"rotation": {"angle": 45, "axis": "y", "origin": [8.00004, 7.97421, 7.99995]},
			"faces": {
				"north": {"uv": [11, 1, 14, 4], "texture": "#side"},
				"south": {"uv": [11, 9, 14, 12], "texture": "#side"}
			}
		},
		{
			"from": [5.17162, 8, 7.29291],
			"to": [6.17162, 11.005, 8.70713],
			"rotation": {"angle": 0, "axis": "y", "origin": [8.00004, 7.97421, 7.99995]},
			"faces": {
				"west": {"uv": [10, 13, 11, 16], "texture": "#side"},
				"up": {"uv": [10, 12, 11, 13], "rotation": 90, "texture": "#side"}
			}
		},
		{
			"from": [7.29294, 8, 9.82845],
			"to": [8.70716, 11.005, 10.82845],
			"rotation": {"angle": 0, "axis": "y", "origin": [8.00004, 7.97421, 7.99995]},
			"faces": {
				"south": {"uv": [10, 9, 11, 12], "texture": "#side"},
				"up": {"uv": [10, 8, 11, 9], "texture": "#side"}
			}
		},
		{
			"from": [9.82847, 8, 7.29291],
			"to": [10.82847, 11.005, 8.70713],
			"rotation": {"angle": 0, "axis": "y", "origin": [8.00004, 7.97421, 7.99995]},
			"faces": {
				"east": {"uv": [10, 5, 11, 8], "texture": "#side"},
				"up": {"uv": [10, 4, 11, 5], "texture": "#side"}
			}
		},
		{
			"from": [7.29293, 8, 5.17159],
			"to": [8.70715, 11.005, 6.17159],
			"rotation": {"angle": 0, "axis": "y", "origin": [8.00004, 7.97421, 7.99995]},
			"faces": {
				"north": {"uv": [10, 1, 11, 4], "texture": "#side"},
				"up": {"uv": [10, 0, 11, 1], "rotation": 180, "texture": "#side"}
			}
		}
	],
	"groups": [
		{
			"name": "group",
			"origin": [8, 8, 8],
			"children": [0]
		},
		{
			"name": "group",
			"origin": [8, 8, 8],
			"children": [1, 2, 3, 4, 5, 6, 7, 8, 9, 10]
		},
		{
			"name": "group",
			"origin": [8, 8, 8],
			"children": [11, 12, 13, 14, 15, 16, 17, 18]
		}
	]
}