{
	"textures": {
		"props": "minecraft:block/bookshelf/props_2"
	},
	"elements": [
		{
			"from": [0, 9, 3],
			"to": [4, 14, 4],
			"faces": {
				"north": {"uv": [3, 1.5, 1, 4], "texture": "#books", "cullface": "west"},
				"south": {"uv": [1, 1.5, 3, 4], "texture": "#books", "cullface": "west"},
				"west": {"uv": [0.5, 1.5, 1, 4], "texture": "#books", "cullface": "west"},
				"up": {"uv": [1, 1, 3, 1.5], "texture": "#books", "cullface": "west"}
			}
		},
		{
			"from": [0, 9, 10],
			"to": [4, 14, 11],
			"faces": {
				"north": {"uv": [3, 9.5, 1, 12], "texture": "#books", "cullface": "west"},
				"south": {"uv": [1, 9.5, 3, 12], "texture": "#books", "cullface": "west"},
				"west": {"uv": [0.5, 9.5, 1, 12], "texture": "#books", "cullface": "west"},
				"up": {"uv": [1, 9, 3, 9.5], "texture": "#books", "cullface": "west"}
			}
		},
		{
			"from": [1, 9, 1],
			"to": [3, 15, 3],
			"faces": {
				"south": {"uv": [4, 1, 5, 4], "texture": "#books", "cullface": "west"},
				"west": {"uv": [3, 1, 4, 4], "texture": "#books", "cullface": "west"}
			}
		},
		{
			"from": [3, 9, 1],
			"to": [5, 15, 3],
			"faces": {
				"north": {"uv": [6, 1, 7, 4], "texture": "#books", "cullface": "north"},
				"east": {"uv": [8, 1, 7, 4], "texture": "#books", "cullface": "north"},
				"west": {"uv": [7, 1, 8, 4], "texture": "#books", "cullface": "north"}
			}
		},
		{
			"from": [1, 9, 0],
			"to": [3, 13, 3],
			"faces": {
				"north": {"uv": [9, 2, 10, 4], "texture": "#books", "cullface": "north"},
				"east": {"uv": [11.5, 2, 10, 4], "texture": "#books", "cullface": "north"},
				"up": {"uv": [10, 1, 11.5, 2], "rotation": 90, "texture": "#books", "cullface": "north"}
			}
		},
		{
			"from": [13, 9, 1],
			"to": [15, 14, 3],
			"faces": {
				"north": {"uv": [12, 13.5, 13, 16], "texture": "#books", "cullface": "north"},
				"up": {"uv": [13, 12.5, 14, 13.5], "rotation": 90, "texture": "#books", "cullface": "north"}
			}
		},
		{
			"from": [12, 9, 0],
			"to": [13, 15, 5],
			"faces": {
				"north": {"uv": [6.5, 5, 7, 8], "texture": "#books", "cullface": "north"},
				"east": {"uv": [9, 5, 7, 8], "texture": "#books", "cullface": "north"},
				"west": {"uv": [7, 5, 9, 8], "texture": "#books", "cullface": "north"}
			}
		},
		{
			"from": [13, 9, 1],
			"to": [15, 15, 3],
			"faces": {
				"east": {"uv": [3, 5, 4, 8], "texture": "#books", "cullface": "east"}
			}
		},
		{
			"from": [12, 9, 3],
			"to": [16, 15, 5],
			"faces": {
				"north": {"uv": [4, 9, 6, 12], "texture": "#books", "cullface": "east"},
				"east": {"uv": [3, 9, 4, 12], "texture": "#books", "cullface": "east"},
				"south": {"uv": [6, 9, 4, 12], "texture": "#books", "cullface": "east"}
			}
		},
		{
			"from": [12, 10, 5],
			"to": [15, 11, 10],
			"faces": {
				"east": {"uv": [0.5, 9.5, 1, 12], "rotation": 270, "texture": "#books", "cullface": "east"},
				"south": {"uv": [1, 9, 3, 9.5], "rotation": 180, "texture": "#books", "cullface": "east"},
				"up": {"uv": [1, 9.5, 2.5, 12], "rotation": 180, "texture": "#books", "cullface": "east"}
			}
		},
		{
			"from": [12, 9, 8],
			"to": [16, 10, 14],
			"rotation": {"angle": 22.5, "axis": "y", "origin": [8, 8, 8]},
			"faces": {
				"east": {"uv": [6.5, 13, 7, 16], "rotation": 270, "texture": "#books", "cullface": "east"},
				"south": {"uv": [7, 12.5, 9, 13], "rotation": 180, "texture": "#books", "cullface": "east"},
				"up": {"uv": [7, 13, 9, 16], "rotation": 180, "texture": "#books", "cullface": "east"},
				"down": {"uv": [9, 13, 7, 16], "texture": "#books", "cullface": "east"}
			}
		},
		{
			"from": [13, 9, 13],
			"to": [16, 14, 15],
			"faces": {
				"north": {"uv": [13, 1.5, 14.5, 4], "texture": "#books", "cullface": "east"},
				"east": {"uv": [12, 1.5, 13, 4], "texture": "#books", "cullface": "east"},
				"up": {"uv": [13, 0.5, 14.5, 1.5], "rotation": 180, "texture": "#books", "cullface": "east"}
			}
		},
		{
			"from": [12, 9, 12],
			"to": [15, 15, 13],
			"faces": {
				"north": {"uv": [7, 5, 9, 8], "texture": "#books", "cullface": "east"},
				"east": {"uv": [6.5, 5, 7, 8], "texture": "#books", "cullface": "east"},
				"south": {"uv": [9, 5, 7, 8], "texture": "#books", "cullface": "east"}
			}
		},
		{
			"from": [13, 9, 13],
			"to": [15, 15, 15],
			"faces": {
				"south": {"uv": [6, 9, 7, 12], "texture": "#books", "cullface": "south"}
			}
		},
		{
			"from": [11, 9, 12],
			"to": [13, 15, 16],
			"faces": {
				"east": {"uv": [7, 1, 9, 4], "texture": "#books", "cullface": "south"},
				"south": {"uv": [6, 1, 7, 4], "texture": "#books", "cullface": "south"},
				"west": {"uv": [9, 1, 7, 4], "texture": "#books", "cullface": "south"}
			}
		},
		{
			"from": [12, 10.9375, 5.6875],
			"to": [16, 14.9375, 6.6875],
			"rotation": {"angle": 45, "axis": "x", "origin": [8, 8, 8]},
			"faces": {
				"north": {"uv": [1, 14.5, 3, 16], "texture": "#books", "cullface": "east"},
				"east": {"uv": [0.5, 14.5, 1, 16], "texture": "#books", "cullface": "east"},
				"south": {"uv": [3, 14.5, 1, 16], "texture": "#books", "cullface": "east"},
				"up": {"uv": [1, 14, 3, 14.5], "rotation": 180, "texture": "#books", "cullface": "east"},
				"down": {"uv": [1, 14.5, 3, 14], "rotation": 180, "texture": "#books", "cullface": "east"}
			}
		},
		{
			"from": [9.53125, 8.4375, 12],
			"to": [10.53125, 13.4375, 15],
			"rotation": {"angle": 22.5, "axis": "z", "origin": [8, 8, 8]},
			"faces": {
				"east": {"uv": [1, 9.5, 2.5, 12], "texture": "#books", "cullface": "south"},
				"south": {"uv": [0.5, 9.5, 1, 12], "texture": "#books", "cullface": "south"},
				"west": {"uv": [2.5, 9.5, 1, 12], "texture": "#books", "cullface": "south"},
				"up": {"uv": [1, 9, 2.5, 9.5], "rotation": 270, "texture": "#books", "cullface": "south"},
				"down": {"uv": [3, 9, 1, 9.5], "rotation": 90, "texture": "#books", "cullface": "south"}
			}
		},
		{
			"from": [7, 9, 12],
			"to": [8, 12, 15],
			"faces": {
				"east": {"uv": [1, 6.5, 2.5, 8], "texture": "#books", "cullface": "south"},
				"south": {"uv": [0.5, 6.5, 1, 8], "texture": "#books", "cullface": "south"},
				"up": {"uv": [1, 6, 2.5, 6.5], "rotation": 270, "texture": "#books", "cullface": "south"}
			}
		},
		{
			"from": [5, 9, 12],
			"to": [7, 14, 16],
			"faces": {
				"east": {"uv": [13, 13.5, 15, 16], "texture": "#books", "cullface": "south"},
				"south": {"uv": [12, 13.5, 13, 16], "texture": "#books", "cullface": "south"},
				"west": {"uv": [15, 13.5, 13, 16], "texture": "#books", "cullface": "south"},
				"up": {"uv": [13, 12.5, 15, 13.5], "rotation": 270, "texture": "#books", "cullface": "south"}
			}
		},
		{
			"from": [1, 9, 14],
			"to": [2, 15, 15],
			"faces": {
				"east": {"uv": [7, 5, 7.5, 8], "texture": "#books", "cullface": "south"},
				"south": {"uv": [6.5, 5, 7, 8], "texture": "#books", "cullface": "south"}
			}
		},
		{
			"from": [2, 9, 13],
			"to": [3, 14, 16],
			"faces": {
				"east": {"uv": [7, 13, 8.5, 16], "texture": "#books", "cullface": "south"},
				"south": {"uv": [6.5, 13, 7, 16], "texture": "#books", "cullface": "south"},
				"west": {"uv": [8.5, 13, 7, 16], "texture": "#books", "cullface": "south"},
				"up": {"uv": [7, 12.5, 8.5, 13], "rotation": 270, "texture": "#books", "cullface": "south"}
			}
		},
		{
			"from": [3, 9, 12],
			"to": [5, 13, 15],
			"faces": {
				"south": {"uv": [9, 10, 10, 12], "texture": "#books", "cullface": "south"},
				"up": {"uv": [10, 9, 11.5, 10], "rotation": 270, "texture": "#books", "cullface": "south"}
			}
		},
		{
			"from": [0, 9, 12],
			"to": [2, 15, 14],
			"faces": {
				"north": {"uv": [5, 13, 4, 16], "texture": "#books", "cullface": "west"},
				"south": {"uv": [4, 13, 5, 16], "texture": "#books", "cullface": "west"},
				"west": {"uv": [3, 13, 4, 16], "texture": "#books", "cullface": "west"}
			}
		},
		{
			"from": [1, 9, 11],
			"to": [4, 15, 12],
			"faces": {
				"north": {"uv": [8.5, 13, 7, 16], "texture": "#books", "cullface": "west"},
				"west": {"uv": [6.5, 13, 7, 16], "texture": "#books", "cullface": "west"}
			}
		},
		{
			"from": [1, 9, 9],
			"to": [4, 12, 10],
			"faces": {
				"west": {"uv": [0.5, 14.5, 1, 16], "texture": "#books", "cullface": "west"},
				"up": {"uv": [1, 14, 2.5, 14.5], "texture": "#books", "cullface": "west"}
			}
		},
		{
			"from": [1, 9, 7],
			"to": [4, 13, 9],
			"faces": {
				"south": {"uv": [10, 14, 11.5, 16], "texture": "#books", "cullface": "west"},
				"west": {"uv": [9, 14, 10, 16], "texture": "#books", "cullface": "west"},
				"up": {"uv": [10, 13, 12, 14], "texture": "#books", "cullface": "west"}
			}
		},
		{
			"from": [0, 9, 5],
			"to": [4, 14, 7],
			"faces": {
				"north": {"uv": [15, 13.5, 13, 16], "texture": "#books", "cullface": "west"},
				"south": {"uv": [13, 13.5, 15, 16], "texture": "#books", "cullface": "west"},
				"west": {"uv": [12, 13.5, 13, 16], "texture": "#books", "cullface": "west"},
				"up": {"uv": [13, 12.5, 15, 13.5], "texture": "#books", "cullface": "west"}
			}
		},
		{
			"from": [1, 9, 4],
			"to": [4, 13, 5],
			"faces": {
				"west": {"uv": [12.5, 9.5, 13, 12], "texture": "#books", "cullface": "west"},
				"up": {"uv": [13, 9, 14.5, 9.5], "texture": "#books", "cullface": "west"}
			}
		},
		{
			"from": [8.5, 9, 0.03125],
			"to": [13.5, 12, 4.03125],
			"rotation": {"angle": 22.5, "axis": "y", "origin": [8, 8, 8]},
			"faces": {
				"north": {"uv": [4, 4, 7, 9], "rotation": 270, "texture": "#props", "cullface": "north"},
				"east": {"uv": [4, 0, 7, 4], "rotation": 270, "texture": "#props", "cullface": "north"},
				"west": {"uv": [4, 9, 7, 13], "rotation": 180, "texture": "#props", "cullface": "north"},
				"up": {"uv": [7, 4, 11, 9], "rotation": 90, "texture": "#props", "cullface": "north"},
				"down": {"uv": [0, 4, 4, 9], "rotation": 90, "texture": "#props", "cullface": "north"}
			}
		}
	]
}